id,last_name,gender
1,Haller,Male
2,Crat,Bigender
3,Hebbes,Agender
4,Osant,Agender
5,Malam,Bigender
6,Scritch,Genderfluid
7,Prettyman,Non-binary
8,Livezey,Male
9,Kristoffersen,Genderqueer
10,Dunlop,Male
11,Crosby,Female
12,Pierton,Genderfluid
13,Tombs,Agender
14,Escott,Polygender
15,Brands,Female
16,Westmerland,Bigender
17,Waddicor,Agender
18,Orrell,Female
19,Pennone,Female
20,Bingley,Polygender
21,Storms,Non-binary
22,Lambourne,Non-binary
23,Wigsell,Genderqueer
24,Matton,Female
25,Rosita,Female
